{
  "jaccard": [
    [
      1.0,
      0.12093023255813953,
      0.005
    ],
    [
      0.12093023255813953,
      1.0,
      0.0
    ],
    [
      0.005,
      0.0,
      1.0
    ]
  ],
  "unique_pairs": {
    "classic": 276,
    "autoencoder": 206,
    "gru": 126
  }
}