{
  "arm": "autoencoder",
  "walk_forward": {
    "train_days": 252,
    "test_days": 63,
    "roll_days": 63,
    "n_folds": 34
  },
  "signal": {
    "z_entry": 2.5,
    "z_exit": 0.5,
    "z_stop": 4.0,
    "use_rolling_z": true,
    "cost_per_side_bps": 5.0
  },
  "selector": {
    "method": "autoencoder_embedding_knn",
    "knn_k": 8,
    "cand_cap": 300,
    "hl_min": 10.0,
    "hl_max": 150.0,
    "min_spread_vol": 0.005,
    "max_pairs": 20,
    "max_universe": 150
  },
  "encoder": {
    "type": "fc_autoencoder",
    "seq_len": 12,
    "emb_dim": 16,
    "hidden": 64,
    "epochs": 40,
    "batch_size": 256,
    "lr": 0.001,
    "early_stop_patience": 6,
    "train_window_policy": "rolling 252d train window, retrained per fold"
  },
  "bars_per_year": 3024,
  "runtime_seconds": 67.98732304573059,
  "aggregate": {
    "sharpe_annualized": -0.2901492414808162,
    "return_total": -0.03779724519251726,
    "return_annualized": -0.004189785052249095,
    "max_drawdown": -0.06268256412473916,
    "hit_rate_bars": 0.48331715293035615,
    "n_bars": 27751.0,
    "bars_per_year": 3024.0,
    "turnover_annualized": 24.174782890706645,
    "turnover_per_bar": 0.007994306511477065,
    "turnover_total": 221.85000000000002,
    "n_trades": 2353.0,
    "trade_win_rate": 0.47768805779855505,
    "avg_holding_bars": 57.86442838929027,
    "avg_trade_pnl": -4.6025455934645656e-05,
    "n_active_pairs": 20.0
  }
}