{
  "arm": "classic",
  "walk_forward": {
    "train_days": 252,
    "test_days": 63,
    "roll_days": 63,
    "n_folds": 34
  },
  "signal": {
    "z_entry": 2.5,
    "z_exit": 0.5,
    "z_stop": 4.0,
    "use_rolling_z": true,
    "cost_per_side_bps": 5.0
  },
  "selector": {
    "pvalue_max": 0.05,
    "hl_min": 10.0,
    "hl_max": 150.0,
    "min_spread_vol": 0.005,
    "max_pairs": 20,
    "corr_top_k": 300,
    "min_corr": 0.5,
    "max_universe": 150
  },
  "bars_per_year": 3024,
  "aggregate": {
    "sharpe_annualized": 0.15284515125560758,
    "return_total": 0.031532926751638435,
    "return_annualized": 0.003388779174397172,
    "max_drawdown": -0.06829686858897499,
    "hit_rate_bars": 0.4955249325188237,
    "n_bars": 27751.0,
    "bars_per_year": 3024.0,
    "turnover_annualized": 34.14116700445797,
    "turnover_per_bar": 0.011290068453855148,
    "turnover_total": 313.31068966293424,
    "n_trades": 2607.0,
    "trade_win_rate": 0.5193709244342156,
    "avg_holding_bars": 45.92903720751822,
    "avg_trade_pnl": 0.0005029661236193944,
    "n_active_pairs": 15.794117647058824
  }
}