{
  "arm": "contrastive",
  "walk_forward": {
    "train_days": 252,
    "test_days": 63,
    "roll_days": 63,
    "n_folds": 34
  },
  "signal": {
    "z_entry": 2.5,
    "z_exit": 0.5,
    "z_stop": 4.0,
    "use_rolling_z": true,
    "cost_per_side_bps": 5.0
  },
  "selector": {
    "method": "contrastive_embedding_knn",
    "knn": 8,
    "min_cos": 0.0,
    "top_n": 150,
    "hl_min": 10.0,
    "hl_max": 150.0,
    "min_spread_vol": 0.005,
    "max_pairs": 20
  },
  "encoder": {
    "type": "mlp_contrastive_ntxent",
    "emb_dim": 32,
    "hidden": 256,
    "window_len": 128,
    "epochs": 30,
    "batch_size": 128,
    "lr": 0.001,
    "temperature": 0.15,
    "jitter_std": 0.5,
    "mask_frac": 0.2,
    "patience": 8,
    "n_views_eval": 30,
    "train_window_policy": "rolling 252d train window, retrained per fold"
  },
  "bars_per_year": 3024,
  "runtime_seconds": 64.17590069770813,
  "aggregate": {
    "sharpe_annualized": 0.29348780326766083,
    "return_total": 0.05317227457346174,
    "return_annualized": 0.005661305086437585,
    "max_drawdown": -0.05142950178223937,
    "hit_rate_bars": 0.49634742304398205,
    "n_bars": 27751.0,
    "bars_per_year": 3024.0,
    "turnover_annualized": 25.37344239847213,
    "turnover_per_bar": 0.008390688623833376,
    "turnover_total": 232.85000000000002,
    "n_trades": 2450.0,
    "trade_win_rate": 0.48857142857142855,
    "avg_holding_bars": 55.87183673469388,
    "avg_trade_pnl": 0.000716112717246546,
    "n_active_pairs": 20.0
  }
}