{
  "n_bars": 27751,
  "block_len": 50,
  "n_boot": 5000,
  "cost_per_side_bps": 5.0,
  "per_arm": {
    "classic": {
      "sharpe": 0.15284515125564702,
      "ci95": [
        -0.4518538157266515,
        0.7386786747836845
      ]
    },
    "autoencoder": {
      "sharpe": -0.2901492414807179,
      "ci95": [
        -0.9148076803770384,
        0.31913899914562943
      ]
    },
    "contrastive": {
      "sharpe": 0.2934878032677102,
      "ci95": [
        -0.32234828045246655,
        0.9009603553103787
      ]
    }
  },
  "gap_contrastive_minus_classic": {
    "sharpe_gap": 0.14064265201206316,
    "ci95": [
      -0.46209894185667794,
      0.7135166085975869
    ],
    "p_value_one_sided_gap_le_0": 0.314
  }
}